create database ASSED

use ASSED

create table TEACHERS (
	TeacherId varchar(10) not null,
	TeacherName nvarchar(20) not null,
	TeacherEmail varchar(30) not null,
	TeacherPassword varchar(20) not null,
	TeacherOrganize nvarchar(30),
	TeacherSpecialize nvarchar(20),

	constraint PK_Teacher primary key (TeacherId)
)

create table QUESTIONSETS (
	QuestionSetId varchar(10) not null,
	TeacherId varchar(10) not null,
	QuestionSetName nvarchar(50) not null,
	QuestionSetDay varchar(20) not null,
	QuestionSetNumberOfQuestion int not null,
	QuestionSetNumberOfStudentJoined int not null,
	QuestionSetTime int not null,

	constraint PK_QuestionSet primary key (QuestionSetId),
	constraint FK_QuestionSet foreign key (TeacherId) references TEACHERS(TeacherId)
)

create table QUESTIONS (
	QuestionId varchar(10) not null,
	QuestionSetId varchar(10) not null,
	QuestionTitle nvarchar(1000) not null,
	QuestionReferenceAnswer nvarchar(1000) not null,
	
	constraint PK_Question primary key (QuestionId),
	constraint FK_Question foreign key (QuestionSetId) references QUESTIONSETS(QuestionSetId)
)

create table STUDENTRESULTS (
	StudentResultId varchar(10) not null,
	QuestionId varchar(10) not null,
	StudentResultAnswer nvarchar(1000),
	StudentResultScores varchar(4) not null,
	StudentResultEmail nvarchar(30) not null,
	StudentResultVideoRecord nvarchar(100),
	
	constraint PK_StudentResult primary key (StudentResultId),
	constraint FK_StudentResult foreign key (QuestionId) references QUESTIONS(QuestionId)
)


insert into TEACHERS (TeacherId, TeacherName, TeacherEmail, TeacherPassword, TeacherOrganize, TeacherSpecialize) values ('3364714672', 'Mariellen Livesey', 'mlivesey0@washingtonpost.com', 'h38K73H', 'Dazzlesphere', 'VP Marketing');
insert into TEACHERS (TeacherId, TeacherName, TeacherEmail, TeacherPassword, TeacherOrganize, TeacherSpecialize) values ('9185021611', 'Portia Vanstone', 'pvanstone1@usgs.gov', '8OdFlyEBTCB', 'Livetube', 'Nurse');
insert into TEACHERS (TeacherId, TeacherName, TeacherEmail, TeacherPassword, TeacherOrganize, TeacherSpecialize) values ('3471244494', 'Brandy Kivelle', 'bkivelle2@rediff.com', 'SqruV2WJUi', 'Innotype', 'Internal Auditor');
insert into TEACHERS (TeacherId, TeacherName, TeacherEmail, TeacherPassword, TeacherOrganize, TeacherSpecialize) values ('8985213324', 'Even Enoch', 'eenoch3@theguardian.com', 'CCRdMW62mqqJ', 'Shufflester', 'Marketing Assistant');
insert into TEACHERS (TeacherId, TeacherName, TeacherEmail, TeacherPassword, TeacherOrganize, TeacherSpecialize) values ('5626194389', 'Carroll Tincey', 'ctincey4@economist.com', 'VvX4BbA6y', 'Voonix', 'Senior Sales Associate');
insert into TEACHERS (TeacherId, TeacherName, TeacherEmail, TeacherPassword, TeacherOrganize, TeacherSpecialize) values ('4991125757', 'Yehudi Ege', 'yege5@live.com', 'RIk5IOul82Qa', 'Edgewire', 'Dental Hygienist');
insert into TEACHERS (TeacherId, TeacherName, TeacherEmail, TeacherPassword, TeacherOrganize, TeacherSpecialize) values ('7420515022', 'Shurlock Nickell', 'snickell6@elpais.com', 'XJEAgDIJqKyv', 'Jaxbean', 'Human Resources Assistant IV');
insert into TEACHERS (TeacherId, TeacherName, TeacherEmail, TeacherPassword, TeacherOrganize, TeacherSpecialize) values ('2533318612', 'Carmita Goodhew', 'cgoodhew7@msu.edu', 'dZ8Aq4CjvmnO', 'Riffpedia', 'Social Worker');
insert into TEACHERS (TeacherId, TeacherName, TeacherEmail, TeacherPassword, TeacherOrganize, TeacherSpecialize) values ('1023745837', 'Norah Belfelt', 'nbelfelt8@ustream.tv', 'wLQcJR0qxbE', 'Twitterlist', 'Editor');
insert into TEACHERS (TeacherId, TeacherName, TeacherEmail, TeacherPassword, TeacherOrganize, TeacherSpecialize) values ('9137162115', 'Nolana Preene', 'npreene9@microsoft.com', '0aqTkQLq091u', 'Voonix', 'Occupational Therapist');

insert into QUESTIONSETS (QuestionSetId, TeacherId, QuestionSetName, QuestionSetDay, QuestionSetNumberOfQuestion, QuestionSetNumberOfStudentJoined, QuestionSetTime) values ('8347440000', '2533318612', 'Question Set Name 0', '1634113338.737025', 5, 5, 30)
insert into QUESTIONSETS (QuestionSetId, TeacherId, QuestionSetName, QuestionSetDay, QuestionSetNumberOfQuestion, QuestionSetNumberOfStudentJoined, QuestionSetTime) values ('6996765784', '3471244494', 'Question Set Name 1', '1634113338.737025', 5, 5, 20)
insert into QUESTIONSETS (QuestionSetId, TeacherId, QuestionSetName, QuestionSetDay, QuestionSetNumberOfQuestion, QuestionSetNumberOfStudentJoined, QuestionSetTime) values ('8294672039', '4991125757', 'Question Set Name 2', '1634113338.737025', 5, 5, 15)
insert into QUESTIONSETS (QuestionSetId, TeacherId, QuestionSetName, QuestionSetDay, QuestionSetNumberOfQuestion, QuestionSetNumberOfStudentJoined, QuestionSetTime) values ('2660828600', '2533318612', 'Question Set Name 3', '1634113338.737025', 5, 5, 20)
insert into QUESTIONSETS (QuestionSetId, TeacherId, QuestionSetName, QuestionSetDay, QuestionSetNumberOfQuestion, QuestionSetNumberOfStudentJoined, QuestionSetTime) values ('7366484564', '3471244494', 'Question Set Name 4', '1634113338.737025', 5, 5, 25)

insert into QUESTIONS (QuestionId, QuestionSetId, QuestionTitle, QuestionReferenceAnswer) values ('9036328817', '8347440000', 'Question Title 0', 'Question Reference Answer for Question 1')
insert into QUESTIONS (QuestionId, QuestionSetId, QuestionTitle, QuestionReferenceAnswer) values ('5148234642', '2660828600', 'Question Title 1', 'Question Reference Answer for Question 2')
insert into QUESTIONS (QuestionId, QuestionSetId, QuestionTitle, QuestionReferenceAnswer) values ('1965193914', '8347440000', 'Question Title 2', 'Question Reference Answer for Question 3')
insert into QUESTIONS (QuestionId, QuestionSetId, QuestionTitle, QuestionReferenceAnswer) values ('9877875969', '7366484564', 'Question Title 3', 'Question Reference Answer for Question 4')
insert into QUESTIONS (QuestionId, QuestionSetId, QuestionTitle, QuestionReferenceAnswer) values ('4582017853', '2660828600', 'Question Title 4', 'Question Reference Answer for Question 5')
insert into QUESTIONS (QuestionId, QuestionSetId, QuestionTitle, QuestionReferenceAnswer) values ('8837044309', '8347440000', 'Question Title 5', 'Question Reference Answer for Question 6')
insert into QUESTIONS (QuestionId, QuestionSetId, QuestionTitle, QuestionReferenceAnswer) values ('7776434205', '6996765784', 'Question Title 6', 'Question Reference Answer for Question 7')
insert into QUESTIONS (QuestionId, QuestionSetId, QuestionTitle, QuestionReferenceAnswer) values ('5560845224', '6996765784', 'Question Title 7', 'Question Reference Answer for Question 8')
insert into QUESTIONS (QuestionId, QuestionSetId, QuestionTitle, QuestionReferenceAnswer) values ('2157956480', '7366484564', 'Question Title 8', 'Question Reference Answer for Question 9')
insert into QUESTIONS (QuestionId, QuestionSetId, QuestionTitle, QuestionReferenceAnswer) values ('6326251168', '8294672039', 'Question Title 9', 'Question Reference Answer for Question 10')
insert into QUESTIONS (QuestionId, QuestionSetId, QuestionTitle, QuestionReferenceAnswer) values ('3866334105', '2660828600', 'Question Title 10', 'Question Reference Answer for Question 11')
insert into QUESTIONS (QuestionId, QuestionSetId, QuestionTitle, QuestionReferenceAnswer) values ('1597301860', '7366484564', 'Question Title 11', 'Question Reference Answer for Question 12')
insert into QUESTIONS (QuestionId, QuestionSetId, QuestionTitle, QuestionReferenceAnswer) values ('9136156747', '2660828600', 'Question Title 12', 'Question Reference Answer for Question 13')
insert into QUESTIONS (QuestionId, QuestionSetId, QuestionTitle, QuestionReferenceAnswer) values ('7066504397', '2660828600', 'Question Title 13', 'Question Reference Answer for Question 14')
insert into QUESTIONS (QuestionId, QuestionSetId, QuestionTitle, QuestionReferenceAnswer) values ('1205145209', '8347440000', 'Question Title 14', 'Question Reference Answer for Question 15')
insert into QUESTIONS (QuestionId, QuestionSetId, QuestionTitle, QuestionReferenceAnswer) values ('2384865087', '7366484564', 'Question Title 15', 'Question Reference Answer for Question 16')
insert into QUESTIONS (QuestionId, QuestionSetId, QuestionTitle, QuestionReferenceAnswer) values ('7288179431', '2660828600', 'Question Title 16', 'Question Reference Answer for Question 17')
insert into QUESTIONS (QuestionId, QuestionSetId, QuestionTitle, QuestionReferenceAnswer) values ('4253301203', '7366484564', 'Question Title 17', 'Question Reference Answer for Question 18')
insert into QUESTIONS (QuestionId, QuestionSetId, QuestionTitle, QuestionReferenceAnswer) values ('4442434372', '7366484564', 'Question Title 18', 'Question Reference Answer for Question 19')
insert into QUESTIONS (QuestionId, QuestionSetId, QuestionTitle, QuestionReferenceAnswer) values ('4190774099', '6996765784', 'Question Title 19', 'Question Reference Answer for Question 20')
insert into QUESTIONS (QuestionId, QuestionSetId, QuestionTitle, QuestionReferenceAnswer) values ('9402723120', '8347440000', 'Question Title 20', 'Question Reference Answer for Question 21')
insert into QUESTIONS (QuestionId, QuestionSetId, QuestionTitle, QuestionReferenceAnswer) values ('4710968744', '2660828600', 'Question Title 21', 'Question Reference Answer for Question 22')
insert into QUESTIONS (QuestionId, QuestionSetId, QuestionTitle, QuestionReferenceAnswer) values ('9934592458', '7366484564', 'Question Title 22', 'Question Reference Answer for Question 23')
insert into QUESTIONS (QuestionId, QuestionSetId, QuestionTitle, QuestionReferenceAnswer) values ('6754883099', '7366484564', 'Question Title 23', 'Question Reference Answer for Question 24')
insert into QUESTIONS (QuestionId, QuestionSetId, QuestionTitle, QuestionReferenceAnswer) values ('4071894197', '8294672039', 'Question Title 24', 'Question Reference Answer for Question 25')

insert into STUDENTRESULTS (StudentResultId, QuestionId, StudentResultAnswer, StudentResultScores, StudentResultEmail, StudentResultVideoRecord) values ('3357413974', '3866334105', 'Student Answer for Question ID 3866334105', '7', 'student1@gmail.com', 'https://www.youtube.com/watch?v=dQw4w9WgXcQ')
insert into STUDENTRESULTS (StudentResultId, QuestionId, StudentResultAnswer, StudentResultScores, StudentResultEmail, StudentResultVideoRecord) values ('3126978571', '4071894197', 'Student Answer for Question ID 4071894197', '9', 'student2@gmail.com', 'https://www.youtube.com/watch?v=dQw4w9WgXcQ')
insert into STUDENTRESULTS (StudentResultId, QuestionId, StudentResultAnswer, StudentResultScores, StudentResultEmail, StudentResultVideoRecord) values ('7056042907', '4582017853', 'Student Answer for Question ID 4582017853', '10', 'student3@gmail.com', 'https://www.youtube.com/watch?v=dQw4w9WgXcQ')
insert into STUDENTRESULTS (StudentResultId, QuestionId, StudentResultAnswer, StudentResultScores, StudentResultEmail, StudentResultVideoRecord) values ('1820334269', '1965193914', 'Student Answer for Question ID 1965193914', '10', 'student4@gmail.com', 'https://www.youtube.com/watch?v=dQw4w9WgXcQ')
insert into STUDENTRESULTS (StudentResultId, QuestionId, StudentResultAnswer, StudentResultScores, StudentResultEmail, StudentResultVideoRecord) values ('6984216106', '4071894197', 'Student Answer for Question ID 4071894197', '8', 'student5@gmail.com', 'https://www.youtube.com/watch?v=dQw4w9WgXcQ')
insert into STUDENTRESULTS (StudentResultId, QuestionId, StudentResultAnswer, StudentResultScores, StudentResultEmail, StudentResultVideoRecord) values ('4092313031', '4190774099', 'Student Answer for Question ID 4190774099', '10', 'student6@gmail.com', 'https://www.youtube.com/watch?v=dQw4w9WgXcQ')
insert into STUDENTRESULTS (StudentResultId, QuestionId, StudentResultAnswer, StudentResultScores, StudentResultEmail, StudentResultVideoRecord) values ('5096058261', '5148234642', 'Student Answer for Question ID 5148234642', '10', 'student7@gmail.com', 'https://www.youtube.com/watch?v=dQw4w9WgXcQ')
insert into STUDENTRESULTS (StudentResultId, QuestionId, StudentResultAnswer, StudentResultScores, StudentResultEmail, StudentResultVideoRecord) values ('1239472990', '9402723120', 'Student Answer for Question ID 9402723120', '8', 'student8@gmail.com', 'https://www.youtube.com/watch?v=dQw4w9WgXcQ')
insert into STUDENTRESULTS (StudentResultId, QuestionId, StudentResultAnswer, StudentResultScores, StudentResultEmail, StudentResultVideoRecord) values ('2154731453', '3866334105', 'Student Answer for Question ID 3866334105', '7', 'student9@gmail.com', 'https://www.youtube.com/watch?v=dQw4w9WgXcQ')
insert into STUDENTRESULTS (StudentResultId, QuestionId, StudentResultAnswer, StudentResultScores, StudentResultEmail, StudentResultVideoRecord) values ('9095718306', '7288179431', 'Student Answer for Question ID 7288179431', '9', 'student10@gmail.com', 'https://www.youtube.com/watch?v=dQw4w9WgXcQ')
insert into STUDENTRESULTS (StudentResultId, QuestionId, StudentResultAnswer, StudentResultScores, StudentResultEmail, StudentResultVideoRecord) values ('3625982565', '1205145209', 'Student Answer for Question ID 1205145209', '10', 'student11@gmail.com', 'https://www.youtube.com/watch?v=dQw4w9WgXcQ')
insert into STUDENTRESULTS (StudentResultId, QuestionId, StudentResultAnswer, StudentResultScores, StudentResultEmail, StudentResultVideoRecord) values ('7741552691', '7776434205', 'Student Answer for Question ID 7776434205', '5', 'student12@gmail.com', 'https://www.youtube.com/watch?v=dQw4w9WgXcQ')
insert into STUDENTRESULTS (StudentResultId, QuestionId, StudentResultAnswer, StudentResultScores, StudentResultEmail, StudentResultVideoRecord) values ('2369929576', '1205145209', 'Student Answer for Question ID 1205145209', '6', 'student13@gmail.com', 'https://www.youtube.com/watch?v=dQw4w9WgXcQ')
insert into STUDENTRESULTS (StudentResultId, QuestionId, StudentResultAnswer, StudentResultScores, StudentResultEmail, StudentResultVideoRecord) values ('3060980726', '7288179431', 'Student Answer for Question ID 7288179431', '7', 'student14@gmail.com', 'https://www.youtube.com/watch?v=dQw4w9WgXcQ')
insert into STUDENTRESULTS (StudentResultId, QuestionId, StudentResultAnswer, StudentResultScores, StudentResultEmail, StudentResultVideoRecord) values ('1108143426', '4253301203', 'Student Answer for Question ID 4253301203', '6', 'student15@gmail.com', 'https://www.youtube.com/watch?v=dQw4w9WgXcQ')
insert into STUDENTRESULTS (StudentResultId, QuestionId, StudentResultAnswer, StudentResultScores, StudentResultEmail, StudentResultVideoRecord) values ('5505042486', '1965193914', 'Student Answer for Question ID 1965193914', '10', 'student16@gmail.com', 'https://www.youtube.com/watch?v=dQw4w9WgXcQ')
insert into STUDENTRESULTS (StudentResultId, QuestionId, StudentResultAnswer, StudentResultScores, StudentResultEmail, StudentResultVideoRecord) values ('4332147047', '1597301860', 'Student Answer for Question ID 1597301860', '6', 'student17@gmail.com', 'https://www.youtube.com/watch?v=dQw4w9WgXcQ')
insert into STUDENTRESULTS (StudentResultId, QuestionId, StudentResultAnswer, StudentResultScores, StudentResultEmail, StudentResultVideoRecord) values ('3764151878', '7776434205', 'Student Answer for Question ID 7776434205', '9', 'student18@gmail.com', 'https://www.youtube.com/watch?v=dQw4w9WgXcQ')
insert into STUDENTRESULTS (StudentResultId, QuestionId, StudentResultAnswer, StudentResultScores, StudentResultEmail, StudentResultVideoRecord) values ('1582908076', '4190774099', 'Student Answer for Question ID 4190774099', '5', 'student19@gmail.com', 'https://www.youtube.com/watch?v=dQw4w9WgXcQ')
insert into STUDENTRESULTS (StudentResultId, QuestionId, StudentResultAnswer, StudentResultScores, StudentResultEmail, StudentResultVideoRecord) values ('6218234132', '4582017853', 'Student Answer for Question ID 4582017853', '5', 'student20@gmail.com', 'https://www.youtube.com/watch?v=dQw4w9WgXcQ')
insert into STUDENTRESULTS (StudentResultId, QuestionId, StudentResultAnswer, StudentResultScores, StudentResultEmail, StudentResultVideoRecord) values ('4900268869', '9402723120', 'Student Answer for Question ID 9402723120', '7', 'student21@gmail.com', 'https://www.youtube.com/watch?v=dQw4w9WgXcQ')
insert into STUDENTRESULTS (StudentResultId, QuestionId, StudentResultAnswer, StudentResultScores, StudentResultEmail, StudentResultVideoRecord) values ('5059168943', '4190774099', 'Student Answer for Question ID 4190774099', '6', 'student22@gmail.com', 'https://www.youtube.com/watch?v=dQw4w9WgXcQ')
insert into STUDENTRESULTS (StudentResultId, QuestionId, StudentResultAnswer, StudentResultScores, StudentResultEmail, StudentResultVideoRecord) values ('2063100800', '5148234642', 'Student Answer for Question ID 5148234642', '5', 'student23@gmail.com', 'https://www.youtube.com/watch?v=dQw4w9WgXcQ')
insert into STUDENTRESULTS (StudentResultId, QuestionId, StudentResultAnswer, StudentResultScores, StudentResultEmail, StudentResultVideoRecord) values ('2456752791', '2384865087', 'Student Answer for Question ID 2384865087', '5', 'student24@gmail.com', 'https://www.youtube.com/watch?v=dQw4w9WgXcQ')
insert into STUDENTRESULTS (StudentResultId, QuestionId, StudentResultAnswer, StudentResultScores, StudentResultEmail, StudentResultVideoRecord) values ('1119935512', '5560845224', 'Student Answer for Question ID 5560845224', '6', 'student25@gmail.com', 'https://www.youtube.com/watch?v=dQw4w9WgXcQ')
insert into STUDENTRESULTS (StudentResultId, QuestionId, StudentResultAnswer, StudentResultScores, StudentResultEmail, StudentResultVideoRecord) values ('9417121249', '3866334105', 'Student Answer for Question ID 3866334105', '8', 'student26@gmail.com', 'https://www.youtube.com/watch?v=dQw4w9WgXcQ')
insert into STUDENTRESULTS (StudentResultId, QuestionId, StudentResultAnswer, StudentResultScores, StudentResultEmail, StudentResultVideoRecord) values ('6444838924', '7288179431', 'Student Answer for Question ID 7288179431', '5', 'student27@gmail.com', 'https://www.youtube.com/watch?v=dQw4w9WgXcQ')
insert into STUDENTRESULTS (StudentResultId, QuestionId, StudentResultAnswer, StudentResultScores, StudentResultEmail, StudentResultVideoRecord) values ('4135509800', '4442434372', 'Student Answer for Question ID 4442434372', '9', 'student28@gmail.com', 'https://www.youtube.com/watch?v=dQw4w9WgXcQ')
insert into STUDENTRESULTS (StudentResultId, QuestionId, StudentResultAnswer, StudentResultScores, StudentResultEmail, StudentResultVideoRecord) values ('9885587048', '9877875969', 'Student Answer for Question ID 9877875969', '5', 'student29@gmail.com', 'https://www.youtube.com/watch?v=dQw4w9WgXcQ')
insert into STUDENTRESULTS (StudentResultId, QuestionId, StudentResultAnswer, StudentResultScores, StudentResultEmail, StudentResultVideoRecord) values ('7342688260', '1205145209', 'Student Answer for Question ID 1205145209', '6', 'student30@gmail.com', 'https://www.youtube.com/watch?v=dQw4w9WgXcQ')
insert into STUDENTRESULTS (StudentResultId, QuestionId, StudentResultAnswer, StudentResultScores, StudentResultEmail, StudentResultVideoRecord) values ('8760614270', '6754883099', 'Student Answer for Question ID 6754883099', '9', 'student31@gmail.com', 'https://www.youtube.com/watch?v=dQw4w9WgXcQ')
insert into STUDENTRESULTS (StudentResultId, QuestionId, StudentResultAnswer, StudentResultScores, StudentResultEmail, StudentResultVideoRecord) values ('5297449365', '9136156747', 'Student Answer for Question ID 9136156747', '5', 'student32@gmail.com', 'https://www.youtube.com/watch?v=dQw4w9WgXcQ')
insert into STUDENTRESULTS (StudentResultId, QuestionId, StudentResultAnswer, StudentResultScores, StudentResultEmail, StudentResultVideoRecord) values ('5747018998', '1965193914', 'Student Answer for Question ID 1965193914', '9', 'student33@gmail.com', 'https://www.youtube.com/watch?v=dQw4w9WgXcQ')
insert into STUDENTRESULTS (StudentResultId, QuestionId, StudentResultAnswer, StudentResultScores, StudentResultEmail, StudentResultVideoRecord) values ('1486242255', '9877875969', 'Student Answer for Question ID 9877875969', '7', 'student34@gmail.com', 'https://www.youtube.com/watch?v=dQw4w9WgXcQ')
insert into STUDENTRESULTS (StudentResultId, QuestionId, StudentResultAnswer, StudentResultScores, StudentResultEmail, StudentResultVideoRecord) values ('9106579890', '7288179431', 'Student Answer for Question ID 7288179431', '10', 'student35@gmail.com', 'https://www.youtube.com/watch?v=dQw4w9WgXcQ')
insert into STUDENTRESULTS (StudentResultId, QuestionId, StudentResultAnswer, StudentResultScores, StudentResultEmail, StudentResultVideoRecord) values ('8923510218', '3866334105', 'Student Answer for Question ID 3866334105', '7', 'student36@gmail.com', 'https://www.youtube.com/watch?v=dQw4w9WgXcQ')
insert into STUDENTRESULTS (StudentResultId, QuestionId, StudentResultAnswer, StudentResultScores, StudentResultEmail, StudentResultVideoRecord) values ('1633170632', '4710968744', 'Student Answer for Question ID 4710968744', '10', 'student37@gmail.com', 'https://www.youtube.com/watch?v=dQw4w9WgXcQ')
insert into STUDENTRESULTS (StudentResultId, QuestionId, StudentResultAnswer, StudentResultScores, StudentResultEmail, StudentResultVideoRecord) values ('2906384857', '9402723120', 'Student Answer for Question ID 9402723120', '7', 'student38@gmail.com', 'https://www.youtube.com/watch?v=dQw4w9WgXcQ')
insert into STUDENTRESULTS (StudentResultId, QuestionId, StudentResultAnswer, StudentResultScores, StudentResultEmail, StudentResultVideoRecord) values ('8882323590', '9136156747', 'Student Answer for Question ID 9136156747', '10', 'student39@gmail.com', 'https://www.youtube.com/watch?v=dQw4w9WgXcQ')
insert into STUDENTRESULTS (StudentResultId, QuestionId, StudentResultAnswer, StudentResultScores, StudentResultEmail, StudentResultVideoRecord) values ('8309149626', '9136156747', 'Student Answer for Question ID 9136156747', '5', 'student40@gmail.com', 'https://www.youtube.com/watch?v=dQw4w9WgXcQ')
insert into STUDENTRESULTS (StudentResultId, QuestionId, StudentResultAnswer, StudentResultScores, StudentResultEmail, StudentResultVideoRecord) values ('8401640925', '4710968744', 'Student Answer for Question ID 4710968744', '6', 'student41@gmail.com', 'https://www.youtube.com/watch?v=dQw4w9WgXcQ')
insert into STUDENTRESULTS (StudentResultId, QuestionId, StudentResultAnswer, StudentResultScores, StudentResultEmail, StudentResultVideoRecord) values ('3815669487', '6326251168', 'Student Answer for Question ID 6326251168', '8', 'student42@gmail.com', 'https://www.youtube.com/watch?v=dQw4w9WgXcQ')
insert into STUDENTRESULTS (StudentResultId, QuestionId, StudentResultAnswer, StudentResultScores, StudentResultEmail, StudentResultVideoRecord) values ('8512017915', '7776434205', 'Student Answer for Question ID 7776434205', '5', 'student43@gmail.com', 'https://www.youtube.com/watch?v=dQw4w9WgXcQ')
insert into STUDENTRESULTS (StudentResultId, QuestionId, StudentResultAnswer, StudentResultScores, StudentResultEmail, StudentResultVideoRecord) values ('7700322944', '7288179431', 'Student Answer for Question ID 7288179431', '10', 'student44@gmail.com', 'https://www.youtube.com/watch?v=dQw4w9WgXcQ')
insert into STUDENTRESULTS (StudentResultId, QuestionId, StudentResultAnswer, StudentResultScores, StudentResultEmail, StudentResultVideoRecord) values ('9689198400', '5560845224', 'Student Answer for Question ID 5560845224', '6', 'student45@gmail.com', 'https://www.youtube.com/watch?v=dQw4w9WgXcQ')
insert into STUDENTRESULTS (StudentResultId, QuestionId, StudentResultAnswer, StudentResultScores, StudentResultEmail, StudentResultVideoRecord) values ('1221469183', '4190774099', 'Student Answer for Question ID 4190774099', '7', 'student46@gmail.com', 'https://www.youtube.com/watch?v=dQw4w9WgXcQ')
insert into STUDENTRESULTS (StudentResultId, QuestionId, StudentResultAnswer, StudentResultScores, StudentResultEmail, StudentResultVideoRecord) values ('9563984211', '9877875969', 'Student Answer for Question ID 9877875969', '8', 'student47@gmail.com', 'https://www.youtube.com/watch?v=dQw4w9WgXcQ')
insert into STUDENTRESULTS (StudentResultId, QuestionId, StudentResultAnswer, StudentResultScores, StudentResultEmail, StudentResultVideoRecord) values ('3464435844', '8837044309', 'Student Answer for Question ID 8837044309', '10', 'student48@gmail.com', 'https://www.youtube.com/watch?v=dQw4w9WgXcQ')
insert into STUDENTRESULTS (StudentResultId, QuestionId, StudentResultAnswer, StudentResultScores, StudentResultEmail, StudentResultVideoRecord) values ('4409638848', '7288179431', 'Student Answer for Question ID 7288179431', '6', 'student49@gmail.com', 'https://www.youtube.com/watch?v=dQw4w9WgXcQ')
insert into STUDENTRESULTS (StudentResultId, QuestionId, StudentResultAnswer, StudentResultScores, StudentResultEmail, StudentResultVideoRecord) values ('1653300189', '1597301860', 'Student Answer for Question ID 1597301860', '5', 'student50@gmail.com', 'https://www.youtube.com/watch?v=dQw4w9WgXcQ')
insert into STUDENTRESULTS (StudentResultId, QuestionId, StudentResultAnswer, StudentResultScores, StudentResultEmail, StudentResultVideoRecord) values ('8468193687', '9136156747', 'Student Answer for Question ID 9136156747', '10', 'student51@gmail.com', 'https://www.youtube.com/watch?v=dQw4w9WgXcQ')
insert into STUDENTRESULTS (StudentResultId, QuestionId, StudentResultAnswer, StudentResultScores, StudentResultEmail, StudentResultVideoRecord) values ('4717381637', '4190774099', 'Student Answer for Question ID 4190774099', '10', 'student52@gmail.com', 'https://www.youtube.com/watch?v=dQw4w9WgXcQ')
insert into STUDENTRESULTS (StudentResultId, QuestionId, StudentResultAnswer, StudentResultScores, StudentResultEmail, StudentResultVideoRecord) values ('4755136331', '1205145209', 'Student Answer for Question ID 1205145209', '10', 'student53@gmail.com', 'https://www.youtube.com/watch?v=dQw4w9WgXcQ')
insert into STUDENTRESULTS (StudentResultId, QuestionId, StudentResultAnswer, StudentResultScores, StudentResultEmail, StudentResultVideoRecord) values ('9602124378', '9036328817', 'Student Answer for Question ID 9036328817', '8', 'student54@gmail.com', 'https://www.youtube.com/watch?v=dQw4w9WgXcQ')
insert into STUDENTRESULTS (StudentResultId, QuestionId, StudentResultAnswer, StudentResultScores, StudentResultEmail, StudentResultVideoRecord) values ('9310548772', '6754883099', 'Student Answer for Question ID 6754883099', '6', 'student55@gmail.com', 'https://www.youtube.com/watch?v=dQw4w9WgXcQ')
insert into STUDENTRESULTS (StudentResultId, QuestionId, StudentResultAnswer, StudentResultScores, StudentResultEmail, StudentResultVideoRecord) values ('5988408262', '9036328817', 'Student Answer for Question ID 9036328817', '8', 'student56@gmail.com', 'https://www.youtube.com/watch?v=dQw4w9WgXcQ')
insert into STUDENTRESULTS (StudentResultId, QuestionId, StudentResultAnswer, StudentResultScores, StudentResultEmail, StudentResultVideoRecord) values ('9832126128', '4582017853', 'Student Answer for Question ID 4582017853', '5', 'student57@gmail.com', 'https://www.youtube.com/watch?v=dQw4w9WgXcQ')
insert into STUDENTRESULTS (StudentResultId, QuestionId, StudentResultAnswer, StudentResultScores, StudentResultEmail, StudentResultVideoRecord) values ('6366774388', '8837044309', 'Student Answer for Question ID 8837044309', '7', 'student58@gmail.com', 'https://www.youtube.com/watch?v=dQw4w9WgXcQ')
insert into STUDENTRESULTS (StudentResultId, QuestionId, StudentResultAnswer, StudentResultScores, StudentResultEmail, StudentResultVideoRecord) values ('5033349956', '7066504397', 'Student Answer for Question ID 7066504397', '9', 'student59@gmail.com', 'https://www.youtube.com/watch?v=dQw4w9WgXcQ')
insert into STUDENTRESULTS (StudentResultId, QuestionId, StudentResultAnswer, StudentResultScores, StudentResultEmail, StudentResultVideoRecord) values ('2173660020', '4253301203', 'Student Answer for Question ID 4253301203', '7', 'student60@gmail.com', 'https://www.youtube.com/watch?v=dQw4w9WgXcQ')
insert into STUDENTRESULTS (StudentResultId, QuestionId, StudentResultAnswer, StudentResultScores, StudentResultEmail, StudentResultVideoRecord) values ('2743576981', '5560845224', 'Student Answer for Question ID 5560845224', '5', 'student61@gmail.com', 'https://www.youtube.com/watch?v=dQw4w9WgXcQ')
insert into STUDENTRESULTS (StudentResultId, QuestionId, StudentResultAnswer, StudentResultScores, StudentResultEmail, StudentResultVideoRecord) values ('1644676187', '1205145209', 'Student Answer for Question ID 1205145209', '9', 'student62@gmail.com', 'https://www.youtube.com/watch?v=dQw4w9WgXcQ')
insert into STUDENTRESULTS (StudentResultId, QuestionId, StudentResultAnswer, StudentResultScores, StudentResultEmail, StudentResultVideoRecord) values ('2876205417', '7288179431', 'Student Answer for Question ID 7288179431', '9', 'student63@gmail.com', 'https://www.youtube.com/watch?v=dQw4w9WgXcQ')
insert into STUDENTRESULTS (StudentResultId, QuestionId, StudentResultAnswer, StudentResultScores, StudentResultEmail, StudentResultVideoRecord) values ('1849289901', '2157956480', 'Student Answer for Question ID 2157956480', '6', 'student64@gmail.com', 'https://www.youtube.com/watch?v=dQw4w9WgXcQ')
insert into STUDENTRESULTS (StudentResultId, QuestionId, StudentResultAnswer, StudentResultScores, StudentResultEmail, StudentResultVideoRecord) values ('8743903912', '1597301860', 'Student Answer for Question ID 1597301860', '8', 'student65@gmail.com', 'https://www.youtube.com/watch?v=dQw4w9WgXcQ')
insert into STUDENTRESULTS (StudentResultId, QuestionId, StudentResultAnswer, StudentResultScores, StudentResultEmail, StudentResultVideoRecord) values ('3527247782', '7066504397', 'Student Answer for Question ID 7066504397', '10', 'student66@gmail.com', 'https://www.youtube.com/watch?v=dQw4w9WgXcQ')
insert into STUDENTRESULTS (StudentResultId, QuestionId, StudentResultAnswer, StudentResultScores, StudentResultEmail, StudentResultVideoRecord) values ('2312519603', '6754883099', 'Student Answer for Question ID 6754883099', '8', 'student67@gmail.com', 'https://www.youtube.com/watch?v=dQw4w9WgXcQ')
insert into STUDENTRESULTS (StudentResultId, QuestionId, StudentResultAnswer, StudentResultScores, StudentResultEmail, StudentResultVideoRecord) values ('9113251170', '1205145209', 'Student Answer for Question ID 1205145209', '9', 'student68@gmail.com', 'https://www.youtube.com/watch?v=dQw4w9WgXcQ')
insert into STUDENTRESULTS (StudentResultId, QuestionId, StudentResultAnswer, StudentResultScores, StudentResultEmail, StudentResultVideoRecord) values ('2916191368', '7066504397', 'Student Answer for Question ID 7066504397', '7', 'student69@gmail.com', 'https://www.youtube.com/watch?v=dQw4w9WgXcQ')
insert into STUDENTRESULTS (StudentResultId, QuestionId, StudentResultAnswer, StudentResultScores, StudentResultEmail, StudentResultVideoRecord) values ('2849697458', '7776434205', 'Student Answer for Question ID 7776434205', '8', 'student70@gmail.com', 'https://www.youtube.com/watch?v=dQw4w9WgXcQ')
insert into STUDENTRESULTS (StudentResultId, QuestionId, StudentResultAnswer, StudentResultScores, StudentResultEmail, StudentResultVideoRecord) values ('7975371264', '2384865087', 'Student Answer for Question ID 2384865087', '8', 'student71@gmail.com', 'https://www.youtube.com/watch?v=dQw4w9WgXcQ')
insert into STUDENTRESULTS (StudentResultId, QuestionId, StudentResultAnswer, StudentResultScores, StudentResultEmail, StudentResultVideoRecord) values ('6728883027', '7066504397', 'Student Answer for Question ID 7066504397', '10', 'student72@gmail.com', 'https://www.youtube.com/watch?v=dQw4w9WgXcQ')
insert into STUDENTRESULTS (StudentResultId, QuestionId, StudentResultAnswer, StudentResultScores, StudentResultEmail, StudentResultVideoRecord) values ('6348665409', '7776434205', 'Student Answer for Question ID 7776434205', '7', 'student73@gmail.com', 'https://www.youtube.com/watch?v=dQw4w9WgXcQ')
insert into STUDENTRESULTS (StudentResultId, QuestionId, StudentResultAnswer, StudentResultScores, StudentResultEmail, StudentResultVideoRecord) values ('1622577412', '9036328817', 'Student Answer for Question ID 9036328817', '10', 'student74@gmail.com', 'https://www.youtube.com/watch?v=dQw4w9WgXcQ')
insert into STUDENTRESULTS (StudentResultId, QuestionId, StudentResultAnswer, StudentResultScores, StudentResultEmail, StudentResultVideoRecord) values ('7236639449', '5560845224', 'Student Answer for Question ID 5560845224', '6', 'student75@gmail.com', 'https://www.youtube.com/watch?v=dQw4w9WgXcQ')
insert into STUDENTRESULTS (StudentResultId, QuestionId, StudentResultAnswer, StudentResultScores, StudentResultEmail, StudentResultVideoRecord) values ('9245477518', '9934592458', 'Student Answer for Question ID 9934592458', '9', 'student76@gmail.com', 'https://www.youtube.com/watch?v=dQw4w9WgXcQ')
insert into STUDENTRESULTS (StudentResultId, QuestionId, StudentResultAnswer, StudentResultScores, StudentResultEmail, StudentResultVideoRecord) values ('9212027706', '4190774099', 'Student Answer for Question ID 4190774099', '6', 'student77@gmail.com', 'https://www.youtube.com/watch?v=dQw4w9WgXcQ')
insert into STUDENTRESULTS (StudentResultId, QuestionId, StudentResultAnswer, StudentResultScores, StudentResultEmail, StudentResultVideoRecord) values ('5346703473', '4442434372', 'Student Answer for Question ID 4442434372', '6', 'student78@gmail.com', 'https://www.youtube.com/watch?v=dQw4w9WgXcQ')
insert into STUDENTRESULTS (StudentResultId, QuestionId, StudentResultAnswer, StudentResultScores, StudentResultEmail, StudentResultVideoRecord) values ('8741206559', '6326251168', 'Student Answer for Question ID 6326251168', '5', 'student79@gmail.com', 'https://www.youtube.com/watch?v=dQw4w9WgXcQ')
insert into STUDENTRESULTS (StudentResultId, QuestionId, StudentResultAnswer, StudentResultScores, StudentResultEmail, StudentResultVideoRecord) values ('4957310468', '7066504397', 'Student Answer for Question ID 7066504397', '6', 'student80@gmail.com', 'https://www.youtube.com/watch?v=dQw4w9WgXcQ')
insert into STUDENTRESULTS (StudentResultId, QuestionId, StudentResultAnswer, StudentResultScores, StudentResultEmail, StudentResultVideoRecord) values ('2452010723', '4582017853', 'Student Answer for Question ID 4582017853', '10', 'student81@gmail.com', 'https://www.youtube.com/watch?v=dQw4w9WgXcQ')
insert into STUDENTRESULTS (StudentResultId, QuestionId, StudentResultAnswer, StudentResultScores, StudentResultEmail, StudentResultVideoRecord) values ('8078699257', '4190774099', 'Student Answer for Question ID 4190774099', '7', 'student82@gmail.com', 'https://www.youtube.com/watch?v=dQw4w9WgXcQ')
insert into STUDENTRESULTS (StudentResultId, QuestionId, StudentResultAnswer, StudentResultScores, StudentResultEmail, StudentResultVideoRecord) values ('4981267392', '1597301860', 'Student Answer for Question ID 1597301860', '7', 'student83@gmail.com', 'https://www.youtube.com/watch?v=dQw4w9WgXcQ')
insert into STUDENTRESULTS (StudentResultId, QuestionId, StudentResultAnswer, StudentResultScores, StudentResultEmail, StudentResultVideoRecord) values ('8796979342', '9877875969', 'Student Answer for Question ID 9877875969', '5', 'student84@gmail.com', 'https://www.youtube.com/watch?v=dQw4w9WgXcQ')
insert into STUDENTRESULTS (StudentResultId, QuestionId, StudentResultAnswer, StudentResultScores, StudentResultEmail, StudentResultVideoRecord) values ('4425303342', '4071894197', 'Student Answer for Question ID 4071894197', '6', 'student85@gmail.com', 'https://www.youtube.com/watch?v=dQw4w9WgXcQ')
insert into STUDENTRESULTS (StudentResultId, QuestionId, StudentResultAnswer, StudentResultScores, StudentResultEmail, StudentResultVideoRecord) values ('7925924638', '9036328817', 'Student Answer for Question ID 9036328817', '9', 'student86@gmail.com', 'https://www.youtube.com/watch?v=dQw4w9WgXcQ')
insert into STUDENTRESULTS (StudentResultId, QuestionId, StudentResultAnswer, StudentResultScores, StudentResultEmail, StudentResultVideoRecord) values ('7105845456', '6326251168', 'Student Answer for Question ID 6326251168', '10', 'student87@gmail.com', 'https://www.youtube.com/watch?v=dQw4w9WgXcQ')
insert into STUDENTRESULTS (StudentResultId, QuestionId, StudentResultAnswer, StudentResultScores, StudentResultEmail, StudentResultVideoRecord) values ('8192289198', '5148234642', 'Student Answer for Question ID 5148234642', '7', 'student88@gmail.com', 'https://www.youtube.com/watch?v=dQw4w9WgXcQ')
insert into STUDENTRESULTS (StudentResultId, QuestionId, StudentResultAnswer, StudentResultScores, StudentResultEmail, StudentResultVideoRecord) values ('2325805391', '4442434372', 'Student Answer for Question ID 4442434372', '6', 'student89@gmail.com', 'https://www.youtube.com/watch?v=dQw4w9WgXcQ')
insert into STUDENTRESULTS (StudentResultId, QuestionId, StudentResultAnswer, StudentResultScores, StudentResultEmail, StudentResultVideoRecord) values ('3952303141', '4442434372', 'Student Answer for Question ID 4442434372', '8', 'student90@gmail.com', 'https://www.youtube.com/watch?v=dQw4w9WgXcQ')
insert into STUDENTRESULTS (StudentResultId, QuestionId, StudentResultAnswer, StudentResultScores, StudentResultEmail, StudentResultVideoRecord) values ('9777347233', '1205145209', 'Student Answer for Question ID 1205145209', '7', 'student91@gmail.com', 'https://www.youtube.com/watch?v=dQw4w9WgXcQ')
insert into STUDENTRESULTS (StudentResultId, QuestionId, StudentResultAnswer, StudentResultScores, StudentResultEmail, StudentResultVideoRecord) values ('9601613043', '9934592458', 'Student Answer for Question ID 9934592458', '7', 'student92@gmail.com', 'https://www.youtube.com/watch?v=dQw4w9WgXcQ')
insert into STUDENTRESULTS (StudentResultId, QuestionId, StudentResultAnswer, StudentResultScores, StudentResultEmail, StudentResultVideoRecord) values ('7498868236', '6754883099', 'Student Answer for Question ID 6754883099', '6', 'student93@gmail.com', 'https://www.youtube.com/watch?v=dQw4w9WgXcQ')
insert into STUDENTRESULTS (StudentResultId, QuestionId, StudentResultAnswer, StudentResultScores, StudentResultEmail, StudentResultVideoRecord) values ('3514850394', '4071894197', 'Student Answer for Question ID 4071894197', '9', 'student94@gmail.com', 'https://www.youtube.com/watch?v=dQw4w9WgXcQ')
insert into STUDENTRESULTS (StudentResultId, QuestionId, StudentResultAnswer, StudentResultScores, StudentResultEmail, StudentResultVideoRecord) values ('6459519116', '4190774099', 'Student Answer for Question ID 4190774099', '6', 'student95@gmail.com', 'https://www.youtube.com/watch?v=dQw4w9WgXcQ')
insert into STUDENTRESULTS (StudentResultId, QuestionId, StudentResultAnswer, StudentResultScores, StudentResultEmail, StudentResultVideoRecord) values ('6040586780', '6326251168', 'Student Answer for Question ID 6326251168', '10', 'student96@gmail.com', 'https://www.youtube.com/watch?v=dQw4w9WgXcQ')
insert into STUDENTRESULTS (StudentResultId, QuestionId, StudentResultAnswer, StudentResultScores, StudentResultEmail, StudentResultVideoRecord) values ('8874409842', '6326251168', 'Student Answer for Question ID 6326251168', '8', 'student97@gmail.com', 'https://www.youtube.com/watch?v=dQw4w9WgXcQ')
insert into STUDENTRESULTS (StudentResultId, QuestionId, StudentResultAnswer, StudentResultScores, StudentResultEmail, StudentResultVideoRecord) values ('6721524303', '1205145209', 'Student Answer for Question ID 1205145209', '7', 'student98@gmail.com', 'https://www.youtube.com/watch?v=dQw4w9WgXcQ')
insert into STUDENTRESULTS (StudentResultId, QuestionId, StudentResultAnswer, StudentResultScores, StudentResultEmail, StudentResultVideoRecord) values ('5986687473', '4253301203', 'Student Answer for Question ID 4253301203', '10', 'student99@gmail.com', 'https://www.youtube.com/watch?v=dQw4w9WgXcQ')
insert into STUDENTRESULTS (StudentResultId, QuestionId, StudentResultAnswer, StudentResultScores, StudentResultEmail, StudentResultVideoRecord) values ('3885295321', '9934592458', 'Student Answer for Question ID 9934592458', '9', 'student100@gmail.com', 'https://www.youtube.com/watch?v=dQw4w9WgXcQ')
insert into STUDENTRESULTS (StudentResultId, QuestionId, StudentResultAnswer, StudentResultScores, StudentResultEmail, StudentResultVideoRecord) values ('2079293907', '1597301860', 'Student Answer for Question ID 1597301860', '7', 'student101@gmail.com', 'https://www.youtube.com/watch?v=dQw4w9WgXcQ')
insert into STUDENTRESULTS (StudentResultId, QuestionId, StudentResultAnswer, StudentResultScores, StudentResultEmail, StudentResultVideoRecord) values ('9563883453', '9934592458', 'Student Answer for Question ID 9934592458', '9', 'student102@gmail.com', 'https://www.youtube.com/watch?v=dQw4w9WgXcQ')
insert into STUDENTRESULTS (StudentResultId, QuestionId, StudentResultAnswer, StudentResultScores, StudentResultEmail, StudentResultVideoRecord) values ('1468923755', '9402723120', 'Student Answer for Question ID 9402723120', '8', 'student103@gmail.com', 'https://www.youtube.com/watch?v=dQw4w9WgXcQ')
insert into STUDENTRESULTS (StudentResultId, QuestionId, StudentResultAnswer, StudentResultScores, StudentResultEmail, StudentResultVideoRecord) values ('7070311169', '2157956480', 'Student Answer for Question ID 2157956480', '7', 'student104@gmail.com', 'https://www.youtube.com/watch?v=dQw4w9WgXcQ')
insert into STUDENTRESULTS (StudentResultId, QuestionId, StudentResultAnswer, StudentResultScores, StudentResultEmail, StudentResultVideoRecord) values ('7908597352', '9877875969', 'Student Answer for Question ID 9877875969', '10', 'student105@gmail.com', 'https://www.youtube.com/watch?v=dQw4w9WgXcQ')
insert into STUDENTRESULTS (StudentResultId, QuestionId, StudentResultAnswer, StudentResultScores, StudentResultEmail, StudentResultVideoRecord) values ('6705837291', '9036328817', 'Student Answer for Question ID 9036328817', '7', 'student106@gmail.com', 'https://www.youtube.com/watch?v=dQw4w9WgXcQ')
insert into STUDENTRESULTS (StudentResultId, QuestionId, StudentResultAnswer, StudentResultScores, StudentResultEmail, StudentResultVideoRecord) values ('5086507407', '5560845224', 'Student Answer for Question ID 5560845224', '7', 'student107@gmail.com', 'https://www.youtube.com/watch?v=dQw4w9WgXcQ')
insert into STUDENTRESULTS (StudentResultId, QuestionId, StudentResultAnswer, StudentResultScores, StudentResultEmail, StudentResultVideoRecord) values ('3046962721', '9136156747', 'Student Answer for Question ID 9136156747', '9', 'student108@gmail.com', 'https://www.youtube.com/watch?v=dQw4w9WgXcQ')
insert into STUDENTRESULTS (StudentResultId, QuestionId, StudentResultAnswer, StudentResultScores, StudentResultEmail, StudentResultVideoRecord) values ('8463421257', '5148234642', 'Student Answer for Question ID 5148234642', '5', 'student109@gmail.com', 'https://www.youtube.com/watch?v=dQw4w9WgXcQ')
insert into STUDENTRESULTS (StudentResultId, QuestionId, StudentResultAnswer, StudentResultScores, StudentResultEmail, StudentResultVideoRecord) values ('3233126854', '1597301860', 'Student Answer for Question ID 1597301860', '6', 'student110@gmail.com', 'https://www.youtube.com/watch?v=dQw4w9WgXcQ')
insert into STUDENTRESULTS (StudentResultId, QuestionId, StudentResultAnswer, StudentResultScores, StudentResultEmail, StudentResultVideoRecord) values ('1846376815', '4442434372', 'Student Answer for Question ID 4442434372', '5', 'student111@gmail.com', 'https://www.youtube.com/watch?v=dQw4w9WgXcQ')
insert into STUDENTRESULTS (StudentResultId, QuestionId, StudentResultAnswer, StudentResultScores, StudentResultEmail, StudentResultVideoRecord) values ('2328763440', '5560845224', 'Student Answer for Question ID 5560845224', '7', 'student112@gmail.com', 'https://www.youtube.com/watch?v=dQw4w9WgXcQ')
insert into STUDENTRESULTS (StudentResultId, QuestionId, StudentResultAnswer, StudentResultScores, StudentResultEmail, StudentResultVideoRecord) values ('3555673658', '3866334105', 'Student Answer for Question ID 3866334105', '6', 'student113@gmail.com', 'https://www.youtube.com/watch?v=dQw4w9WgXcQ')
insert into STUDENTRESULTS (StudentResultId, QuestionId, StudentResultAnswer, StudentResultScores, StudentResultEmail, StudentResultVideoRecord) values ('1047413383', '1205145209', 'Student Answer for Question ID 1205145209', '8', 'student114@gmail.com', 'https://www.youtube.com/watch?v=dQw4w9WgXcQ')
insert into STUDENTRESULTS (StudentResultId, QuestionId, StudentResultAnswer, StudentResultScores, StudentResultEmail, StudentResultVideoRecord) values ('9993378770', '1597301860', 'Student Answer for Question ID 1597301860', '6', 'student115@gmail.com', 'https://www.youtube.com/watch?v=dQw4w9WgXcQ')
insert into STUDENTRESULTS (StudentResultId, QuestionId, StudentResultAnswer, StudentResultScores, StudentResultEmail, StudentResultVideoRecord) values ('6192032681', '9877875969', 'Student Answer for Question ID 9877875969', '8', 'student116@gmail.com', 'https://www.youtube.com/watch?v=dQw4w9WgXcQ')
insert into STUDENTRESULTS (StudentResultId, QuestionId, StudentResultAnswer, StudentResultScores, StudentResultEmail, StudentResultVideoRecord) values ('5389617733', '4071894197', 'Student Answer for Question ID 4071894197', '8', 'student117@gmail.com', 'https://www.youtube.com/watch?v=dQw4w9WgXcQ')
insert into STUDENTRESULTS (StudentResultId, QuestionId, StudentResultAnswer, StudentResultScores, StudentResultEmail, StudentResultVideoRecord) values ('6981711335', '4190774099', 'Student Answer for Question ID 4190774099', '5', 'student118@gmail.com', 'https://www.youtube.com/watch?v=dQw4w9WgXcQ')
insert into STUDENTRESULTS (StudentResultId, QuestionId, StudentResultAnswer, StudentResultScores, StudentResultEmail, StudentResultVideoRecord) values ('4908271039', '5560845224', 'Student Answer for Question ID 5560845224', '5', 'student119@gmail.com', 'https://www.youtube.com/watch?v=dQw4w9WgXcQ')
insert into STUDENTRESULTS (StudentResultId, QuestionId, StudentResultAnswer, StudentResultScores, StudentResultEmail, StudentResultVideoRecord) values ('6653919504', '8837044309', 'Student Answer for Question ID 8837044309', '7', 'student120@gmail.com', 'https://www.youtube.com/watch?v=dQw4w9WgXcQ')
insert into STUDENTRESULTS (StudentResultId, QuestionId, StudentResultAnswer, StudentResultScores, StudentResultEmail, StudentResultVideoRecord) values ('9654546441', '1597301860', 'Student Answer for Question ID 1597301860', '10', 'student121@gmail.com', 'https://www.youtube.com/watch?v=dQw4w9WgXcQ')
insert into STUDENTRESULTS (StudentResultId, QuestionId, StudentResultAnswer, StudentResultScores, StudentResultEmail, StudentResultVideoRecord) values ('5128526746', '3866334105', 'Student Answer for Question ID 3866334105', '9', 'student122@gmail.com', 'https://www.youtube.com/watch?v=dQw4w9WgXcQ')
insert into STUDENTRESULTS (StudentResultId, QuestionId, StudentResultAnswer, StudentResultScores, StudentResultEmail, StudentResultVideoRecord) values ('2726976822', '1597301860', 'Student Answer for Question ID 1597301860', '9', 'student123@gmail.com', 'https://www.youtube.com/watch?v=dQw4w9WgXcQ')
insert into STUDENTRESULTS (StudentResultId, QuestionId, StudentResultAnswer, StudentResultScores, StudentResultEmail, StudentResultVideoRecord) values ('4168649938', '4253301203', 'Student Answer for Question ID 4253301203', '6', 'student124@gmail.com', 'https://www.youtube.com/watch?v=dQw4w9WgXcQ')
insert into STUDENTRESULTS (StudentResultId, QuestionId, StudentResultAnswer, StudentResultScores, StudentResultEmail, StudentResultVideoRecord) values ('4747809592', '5560845224', 'Student Answer for Question ID 5560845224', '10', 'student125@gmail.com', 'https://www.youtube.com/watch?v=dQw4w9WgXcQ')
